Percent of COVID-19-associated Hospitalizations by Age from the COVID-NET Network (data downloaded on 7/12/2020)Centers for Disease Control and Prevention
YEAR,WEEK_NUMBER,0-4 YR,5-17 YR,18-49 YR,50-64 YR,65+ YR
2020,2020-10,0.0,0.0,27.5,12.5,60.0
2020,2020-11,0.0,0.0,24.8,34.9,40.4
2020,2020-12,0.0,0.5,27.3,30.3,41.9
2020,2020-13,0.3,0.2,25.5,32.0,42.0
2020,2020-14,0.4,0.4,21.0,32.5,45.8
2020,2020-15,0.3,0.2,21.0,30.6,47.8
2020,2020-16,0.4,0.2,23.0,28.8,47.6
2020,2020-17,0.3,0.5,25.4,26.1,47.7
2020,2020-18,0.4,0.6,25.4,27.6,46.0
2020,2020-19,0.4,0.7,27.9,29.1,41.9
2020,2020-20,0.6,0.7,28.9,28.1,41.8
2020,2020-21,0.7,1.1,30.2,27.6,40.4
2020,2020-22,0.7,1.4,32.2,26.3,39.4
2020,2020-23,1.1,1.3,32.5,27.4,37.8
2020,2020-24,1.4,1.0,36.3,27.2,34.1
2020,2020-25,1.4,1.0,36.6,28.4,32.5
2020,2020-26,0.8,1.3,41.3,28.2,28.6
2020,2020-27,1.0,1.7,37.7,28.1,31.4
2020,2020-28,0.0,0.0,0.0,0.0,0.0
2020,2020-29,0.0,0.0,0.0,0.0,0.0

"The Coronavirus Disease 2019 (COVID-19)-Associated Hospitalization Surveillance Network (COVID-NET) hospitalization data are preliminary and subject to change as more data become available. In particular, case counts for recent hospital admissions are subject to lag. As data are received each week, prior case counts are updated accordingly."
"COVID-NET conducts population-based surveillance for laboratory-confirmed COVID-19-associated hospitalizations in children (less than 18 years of age) and adults. COVID-NET covers nearly 100 counties in the 10 Emerging Infections Program (EIP) states (CA, CO, CT, GA, MD, MN, NM, NY, OR, TN) and four Influenza Hospitalization Surveillance Project (IHSP) states (IA, MI, OH, and UT). "
""
